id,created_at,updated_at,name,adbreviation,status,teacher,color
395,2024-01-01 09:42:36 UTC,2024-01-01 09:42:36 UTC,Diskretni struktury 2,DISK1,A,Kolarik,#eb4034
396,2024-01-01 09:42:37 UTC,2024-01-01 09:42:37 UTC,Algoritmy 2,ALGO 2,A,Osicka,#ebe534
397,2024-01-01 09:42:37 UTC,2024-01-01 09:42:37 UTC,Zaklady Programovani 2,ZPC2,A,Vecerka,#36ed2f
398,2024-01-01 09:42:37 UTC,2024-01-01 09:42:37 UTC,Uvod do informacnich technologii,UDITE,A,Trnecka,#33e5e8
399,2024-01-01 09:42:37 UTC,2024-01-01 09:42:37 UTC,Paradigmata programovani 2,PP2,A,Krupka,#c036e3
